{"rotation": [[0.006283, -0.999979, -0.001899], [-0.005334, 0.001865, -0.999984], [0.999966, 0.006293, -0.005322]], "translation": [[-0.298036], [-0.666812], [-0.516927]]}