{"cam_D": [-0.382041, 0.335649, 0.000523, 0.000634, 0.0], "cam_K": [3996.487567, 0.0, 955.58618, 0.0, 3963.430994, 527.646219, 0.0, 0.0, 1.0]}